{"Johannesburg, Australia, AU": [-26.024272957789435, 27.91536996740392], "Copenhagen": [55.6867243, 12.5700724], "Limerick, London": [51.56600832080269, 0.2756802958208804], "Denmark, DK": [55.670249, 10.3333283], "Hackney": [51.5432402, -0.0493621], "Providence, United States, US": [18.3196782, -64.9537572], "Chicago, United States, US": [18.32067645547607, -64.87476734587437], "Sweden, SE": [59.6749712, 14.5208584], "Vancouver": [49.2608724, -123.113952], "Czechia, CZ": [49.7439047, 15.3381061], "United States, US": [39.7837304, -100.445882], "London": [51.5074456, -0.1277653], "United Kingdom, Germany, DE": [53.7941953, -1.7462607], "Tulsa, United States, US": [36.13291955, -95.87652582548755], "Boulogne-Billancourt, France, FR": [48.8356649, 2.240206], "Brazil, BR": [-10.3333333, -53.2], "New York, United States, US": [41.941087350000004, -74.04776477123686], "Cheltenham, England": [51.8995685, -2.0711559], "Memphis, United States, US": [35.05681303430745, -89.93205281972764], "San Juan, Puerto Rico, PR": [18.384239049999998, -66.05343997364733], "Helsinki, Finland, FI": [60.1674881, 24.9427473], "Denver, United States, US": [39.0770195, -108.5562581], "Leipzig, Germany, DE": [51.3496764, 12.509287197582037], "Poitiers, Paris": [48.858963759995774, 2.3261261321362476], "Paris, France, FR": [48.8534951, 2.3483915], "Brixton, England": [51.4633914, -0.1148023], "Harrow, London": [51.57148755, -0.33112384540424644], "Hollywood, United States, US": [39.2935329, -84.29463955], "Atlanta": [33.7489924, -84.3902644], "United Kingdom, GB": [54.7023545, -3.2765753], "Morocco, Netherlands, NL": [52.0825692, 4.3066279], "Rochester, United States, US": [41.7906489, -74.2443149], "Austria, AT": [47.59397, 14.12456], "London, London": [36.4846239, -119.44405977174983], "Toronto, Canada, CA": [47.594942849999995, -52.71140552024653], "Paris": [48.8534951, 2.3483915], "Oakland": [37.8044557, -122.271356], "Bay City, United States, US": [30.65274635, -87.91315143436611], "Finland, FI": [63.2467777, 25.9209164], "Glasgow, United Kingdom, GB": [55.861155, -4.2501687], "Montr\u00e9al": [45.5031824, -73.5698065], "Melbourne, Australia, AU": [-35.2789141, 149.12835427591565], "Australia, AU": [-24.7761086, 134.755], "Ostrava": [49.8349139, 18.2820084], "Abbotsford, Canada, CA": [49.03614805, -122.3140466313836], "Sachsen-Anhalt, Germany, DE": [51.81735385, 10.727556492114221], "Japan, JP": [36.5748441, 139.2394179], "Fort Worth, United States, US": [32.68577665, -97.27946420077956], "Cleveland, United States, US": [41.35989535, -72.1058664], "M\u00fcnchen": [48.1371079, 11.5753822], "Los Angeles": [34.0536909, -118.242766], "Halifax, Canada, CA": [47.59569863845431, -52.718396954396844], "Boston, United States, US": [40.15323565, -74.22797859016345], "Watford, London": [51.586893286832364, -0.2327040763233725], "Tulsa": [36.1563122, -95.9927516], "Detroit, United States, US": [42.367289549999995, -82.96689197470347], "Seattle": [47.6038321, -122.330062], "Newcastle upon Tyne": [54.9738474, -1.6131572], "Netherlands, NL": [52.2434979, 5.6343227], "Shanghai": [31.2312707, 121.4700152], "Rochdale, England": [53.6153659, -2.1557561], "Bristol, Bristol": [41.6770463, -71.2661597], "Portland, United States, US": [45.496464399999994, -122.68287917483792], "Speyer, Germany, DE": [49.30600975, 8.460838130962799], "Omaha, United States, US": [40.60832705, -105.07606296109887], "Marin County, United States, US": [37.97143064773795, -122.52169873573654], "Sastamala, Finland, FI": [61.45004805, 22.841660867901894], "Cambridge, England": [52.2055314, 0.1186637], "Florida, New York": [42.8904161, -74.196582], "Chicago": [41.8755616, -87.6244212], "Montr\u00e9al, Canada, CA": [49.8844001, -97.3120521], "Bridport, England": [50.733785, -2.7589005], "Costa Rica, CR": [9.961798349999999, -84.07337212269164], "Arleux, France, FR": [50.2816945, 3.1052613], "Germany, Germany, DE": [50.90824271401876, 9.586930924356162], "New York": [40.7127281, -74.0060152], "Germany, DE": [51.1638175, 10.4478313], "Macon, United States, US": [39.70102203668081, -88.99459766754735], "Santa Rosa, United States, US": [30.603641034708044, -87.12965233197201], "Chiyoda": [35.6938097, 139.7532163], "Queens": [40.7135078, -73.8283132], "Argentina, AR": [-34.9964963, -64.9672817], "San Francisco": [37.7792588, -122.4193286], "Asheville, Asheville": [35.60190475, -82.55463792845393], "Barcelona": [41.3828939, 2.1774322], "Lisboa": [38.7077507, -9.1365919], "Aalborg, Denmark, DK": [57.0462626, 9.9215263], "Bellingham": [48.7544012, -122.478836], "Bucure\u0219ti, France, FR": [43.6957862, 7.2553631], "Copenhagen Municipality": [55.65554675, 12.601643576868632], "Russia, Murmansk": [68.970665, 33.07497], "San Francisco, Belgium, BE": [14.318761872554202, 120.88231710019741], "Bamako, Mali, ML": [12.61127595, -7.989021600877273], "San Antonio": [29.4246002, -98.4951405], "Birmingham, United States, US": [33.433611049999996, -86.71401710010961], "Florida": [27.7567667, -81.4639835], "New Orleans": [29.9759983, -90.0782127], "Latvia, LV": [56.8406494, 24.7537645], "Chickasaw County, United States, US": [43.086098899999996, -92.3068897], "Shelby, United States, US": [35.05681303430745, -89.93205281972764], "Rotterdam, Netherlands, NL": [51.9244424, 4.47775], "Columbia, United States, US": [40.3505724, -74.3081806], "Russia, RU": [64.6863136, 97.7453061], "Birmingham, Brooklyn": [52.50151828473951, -1.8893324951388248], "Bor\u00e5s": [57.7210839, 12.9407407], "Chapel Hill, Chapel Hill": [-27.5051363, 152.952349], "Boulder, United States, US": [40.22993929466172, -105.27664383821319], "Brooklyn": [40.6526006, -73.9497211], "Kingston, United States, US": [41.941087350000004, -74.04776477123686], "Olympia": [37.638250299999996, 21.630566024011667], "Seattle, Seattle": [47.6028952, -122.3398411], "St. Louis, United States, US": [46.853040274940376, -92.75702372390731], "Ciudad de M\u00e9xico": [19.4326296, -99.1331785], "Birmingham, Birmingham": [33.5123059, -86.8071775], "Moncton, Canada, CA": [46.0837153, -64.7860168], "Christchurch, New Zealand, NZ": [-43.53855125, 172.56988929762855], "Queens, United States, US": [40.74676715486288, -73.84397694168783], "France, FR": [46.603354, 1.8883335], "College Park, United States, US": [39.6823164, -75.5871466], "Bamberg": [49.8916044, 10.8868478], "Baltimore": [39.2908816, -76.610759], "Boston": [42.3554334, -71.060511], "Regina, Toronto": [50.46488881807301, -104.59895920261738]}